"ID","Description","GeneRatio","BgRatio","RichFactor","FoldEnrichment","zScore","pvalue","p.adjust","qvalue","geneID","Count"
"GO:0042391","regulation of membrane potential","105/1787","340/13739",0.308823529411765,2.37432930642878,9.92196778367681,2.27348632968145e-18,1.24496111413356e-14,1.24496111413356e-14,"NNT/GRIA1/MFN1/KCNA5/KCND3/RIMS1/SHANK1/UNC80/GRIA4/MEF2C/KCNC1/KCNMB2/CAV1/SCN9A/MYOC/P2RX3/CACNA1G/GRIK1/STX1B/BEGAIN/RIMS2/AKAP6/FGF12/GNA14/KCND2/SCN2B/NLGN1/GRIN3A/CLN3/CASQ2/KCNA1/SYT1/SLC25A27/SLC8A2/GRIA3/TBX5/RYR2/KCNIP2/KCNH3/CACNB2/PLN/HCN2/ATP1A2/KCNE1/NPAS4/SCN3A/GRIK5/KCNJ3/TRPA1/DCN/TAC1/CACNA2D1/PID1/LRRK2/SCN4A/KCNA2/ALB/CHRNA2/NRXN1/KCNN2/SCN2A/MAPT/NEDD4/SLC17A7/GRIN2A/FHL1/CAV3/TBX18/SCN4B/MPP2/KCNV1/SLC1A7/SLC4A4/ATP1B2/CACNA1H/GRIK4/DMD/GRIK3/POPDC2/SLC8A3/SOD2/CBLN1/FXYD1/CNGB1/ADCY10/RGS7BP/ELOVL4/SLC26A3/CD36/SLC24A4/UNC79/KCNE4/SCN5A/KCNJ9/KCNB1/GRID1/KCNK4/PTEN/RELN/CTNNA3/P2RX6/ADRB2/ANK2/NOS1/BEST2",105
"GO:0044057","regulation of system process","121/1787","431/13739",0.280742459396752,2.15843349169109,9.44837417773872,2.51273024337794e-17,6.13511559081379e-14,6.13511559081379e-14,"GRIA1/KCNA5/KCND3/NR4A3/RIMS1/SHANK1/UNC80/CACNA2D3/TNNI1/MYOCD/EGR2/KCNMB2/CAV1/CACNA1G/STX1B/ADRA1D/FGF10/ACE/LEP/OR51E2/RIMS2/TNNT3/CACNA2D2/AKAP6/FGF12/KLF4/KCND2/SCN2B/NLGN1/CNN1/HTR2A/IL6ST/CASQ2/KCNA1/SLC8A2/SOAT2/IGF1/TBX5/RYR2/KCNIP2/CACNB2/PLN/ATP1A2/KCNE1/PPARG/KCNJ3/TNNI3/TRPA1/TAC1/HSPB7/CACNA2D1/LRRK2/NPR1/TSHZ3/SVEP1/TACR2/SCN4A/ABCC9/ADRA2C/SPTBN4/CHRNA2/CACNB4/NRXN1/BDKRB2/KCNN2/ENPP7/OXTR/CORIN/ADIPOQ/ABCC8/JPH4/CRHBP/GRIN2A/CAV3/JAM2/FABP5/TBX18/SCN4B/AQP1/ATP1B2/CACNA1H/DMD/PER2/KCNJ12/POPDC2/PRKG1/CHGA/DES/TNNC1/PTGER3/SLC8A3/EDNRB/CBLN1/MYL3/HRH1/FXYD1/ADCY10/TNNI3K/PDE1C/DAB2/CAMK2B/GSTM2/ELOVL4/CYP19A1/EDN3/HRC/GNAI1/MAG/UNC79/MLIP/HRH2/KCNE4/SCN5A/PTEN/RELN/CTNNA3/ADRB2/ADRA2B/AGTR1/ANK2/NOS1",121
"GO:0003013","circulatory system process","129/1787","474/13739",0.272151898734177,2.09238664617172,9.3587030240517,3.36109327473363e-17,6.13511559081379e-14,6.13511559081379e-14,"P2RY1/SLC16A7/KCNA5/KCND3/TNNI1/F5/KCNMB2/CAV1/SCN9A/CACNA1G/FFAR3/ADRA1D/ACE/LEP/OR51E2/KL/SLC6A13/FGF12/KCND2/GCGR/SCN2B/HTR2A/UTS2B/CASQ2/SLC8A2/TBX5/RYR2/KCNIP2/CDH5/CACNB2/PLN/ATP1A2/KCNE1/CPA3/SLC5A3/PPARG/SCN3A/KCNJ3/TNNI3/SLC16A12/TRPA1/ENPEP/TAC1/HSPB7/CACNA2D1/KLK3/KLK1/NPR1/HBB/SVEP1/TACR2/SCN4A/CXCL12/ABCC9/ZEB2/ADRA2C/HTR1B/SPTBN4/BDKRB2/KCNN2/PTGS2/SLC22A3/PDE3A/OXTR/CORIN/SCN2A/ADIPOQ/CTSG/LEPR/SLC6A1/ABCC8/JPH4/TEK/KLK2/GAB1/ABCG2/PCSK5/SLC2A4/CAV3/SGCD/FABP5/TBX18/SCN4B/ACTC1/SLC4A4/SLIT2/ATP1B2/CACNA1H/DMD/PER2/KCNJ12/POPDC2/PRKG1/CHGA/DES/TNNC1/SLC8A3/SOD2/EDNRB/MYL3/HRH1/FXYD1/ADCY10/TNNI3K/ABCB1/PDE1C/CYP4F2/GSTM2/CLDN5/CD36/EDN3/SLC7A2/HRC/SLC7A3/PDE2A/UTS2R/AKAP12/HRH2/KCNE4/SCN5A/CMA1/CTNNA3/SLCO1C1/ADRB2/ADRA2B/AGTR1/MME/ANK2/NOS1",129
"GO:0003012","muscle system process","101/1787","394/13739",0.256345177664975,1.97085976269675,7.56047469256281,5.53210983021585e-12,5.048972238377e-09,5.048972238377e-09,"ASB2/P2RY1/TPM2/KCNA5/KCND3/NR4A3/CACNA2D3/TNNI1/MYOCD/MYH2/CAV1/SCN9A/MYOC/MYH4/CACNA1G/ACTA2/LEP/TNNT3/CACNA2D2/APBB1/AKAP6/FGF12/KLF4/KCND2/SCN2B/CNN1/HTR2A/UTRN/IL6ST/CASQ2/KCNA1/IGF1/RYR2/MB/KCNIP2/MYLK/CACNB2/PLN/ATP1A2/KCNE1/GNAO1/PPARG/MYOT/SCN3A/KCNJ3/TNNI3/TRPA1/TMOD1/CACNA2D1/GALR2/RPL3L/TACR2/SCN4A/ADRA2C/CACNB4/BDKRB2/KCNN2/OXTR/SCN2A/LMOD1/ACTA1/ABCC8/JPH4/MYOM2/CAV3/SCN4B/ACTC1/CACNA1H/DMD/KCNJ12/MEIS1/PRKG1/CHGA/DES/TNNC1/PTGER3/SLC8A3/EDNRB/MYL3/FXYD1/ADCY10/TNNI3K/CAMK2B/GSTM2/EDN3/HRC/GNAI1/TRIM72/IL1R1/MLIP/KCNE4/GATM/SCN5A/KLF15/MYH11/CTNNA3/P2RX6/ADRB2/ADRA2B/ANK2/NOS1",101
"GO:0010817","regulation of hormone levels","100/1787","391/13739",0.255754475703325,1.96631826619361,7.49556213753397,8.18262094091298e-12,6.40114746749135e-09,6.40114746749135e-09,"P2RY1/CYP2C8/TNFSF11/DPP4/KCNA5/OXCT1/DUOX2/GATA3/SRRM3/FAM3B/BMP2/ALDH1A1/HSD3B1/ADCY5/ASMT/FFAR3/RDH12/ACE/BMP5/LEP/RIMS2/CYP26A1/PTPRN2/CYP3A5/PTPRN/DHRS9/IL6ST/ADCYAP1/SLC30A8/GPLD1/CYB5R4/ADH1A/GCK/GNAO1/ADH6/CPA3/PPARG/CELA2A/TRPA1/ENPEP/TAC1/CACNA2D1/SNAP25/ALDH1A2/CYP2W1/DGAT2/RBP4/GHR/DIO3/DUOXA1/AKR1D1/MRGPRE/ADH1B/TACR2/GIPR/ADRA2C/HCAR2/TG/CORIN/CTSG/PCSK1/ABCC8/CRHBP/PCSK5/PCSK2/UGT1A8/WNT4/DOC2B/PDE8B/CACNA1H/PER2/IYD/CYP3A7/RDH16/TUBB1/CHGA/IL6/EDNRB/RAPGEF3/CES1/LIPE/DAB2/ADH4/TPO/CYP19A1/EDN3/UGT2B15/PLA2G3/BCHE/STC2/KCNB1/UGT1A6/GHRHR/CMA1/MYRIP/SULT1B1/SLCO1C1/AGTR1/MME/EGR1",100
"GO:0050911","detection of chemical stimulus involved in sensory perception of smell","22/1787","36/13739",0.611111111111111,4.69840825716595,8.59136186226489,1.75645755584438e-11,1.20229519697548e-08,1.20229519697548e-08,"OR2W3/OR2A1/OR51E2/OR52K2/OR1B1/OR52B6/OR11A1/OR9A2/OR1K1/OR2AE1/OR5C1/OR52D1/OR2L5/OR2H2/OR1L4/OR2L3/CNGB1/SLC24A4/OR2A2/OR5P2/OR51I1/OR5P3",22
"GO:0099177","regulation of trans-synaptic signaling","101/1787","408/13739",0.247549019607843,1.9032322218199,7.16146509551983,4.9912616220563e-11,2.73321486423803e-08,2.73321486423803e-08,"P2RY1/GRIA1/BDNF/NRGN/IGSF11/RIMS1/SHANK1/CRHR2/SLITRK5/NTNG1/CPLX2/GRIA4/PLCL1/PENK/EFNB3/MEF2C/GRM2/P2RX3/NRXN2/GRIK1/STX1B/CACNA1A/ACE/STXBP1/RIMS2/CX3CR1/GRM4/SYN3/NLGN1/GRIN3A/HTR2A/CLN3/ADAM22/SYT1/SLC8A2/GRIA3/IGF1/CLSTN2/BSN/ATP1A2/GNAO1/NRN1/NPAS4/GRIK5/PPFIA2/TAC1/CALB1/LRRK2/MICU3/TSHZ3/TACR2/CHRNA2/CACNB4/NRXN1/PRKAR2B/MAPT/NGF/ADIPOQ/MCTP1/ACHE/JPH4/PTN/WNT3A/GRIN2A/FAM107A/CLMP/SHISA9/FABP5/MPP2/LRRC4C/GRIK4/GRIK3/SLC8A3/CBLN1/SLC7A10/NTF4/OPHN1/CCL2/SHISA6/PLG/MAP1A/CBLN4/CHRDL1/DCC/CAMK2B/NGFR/ELOVL4/NTRK1/CNTN4/AKAP12/BCHE/ARC/HOMER1/UNC13A/NTRK2/KCNB1/GRID1/PTEN/RELN/ADRB2/MME",101
"GO:0007188","adenylate cyclase-modulating G protein-coupled receptor signaling pathway","61/1787","203/13739",0.300492610837438,2.31027866832432,7.27227438868289,1.14515626932773e-10,4.82375056218356e-08,4.82375056218356e-08,"P2RY1/ADCYAP1R1/PTHLH/CRHR2/GNAL/NPY1R/PTH1R/GRM2/ADCY5/FFAR3/ADRA1D/OR51E2/RIMS2/GRM4/ITGB3/AKAP6/GNA14/PALM/GCGR/GPR62/ADCYAP1/GNAO1/P2RY12/TAC1/GALR2/MRGPRE/CNR1/HCAR3/PTGFR/LPAR1/TACR2/GIPR/ADRA2C/HTR1B/PSAPL1/NRXN1/PRKAR2B/PDE3A/MRAP2/UCN2/CHRM5/VIPR2/TRH/GRIK3/CHGA/PTGER3/GNG2/PTH2R/ADCY10/RAPGEF3/GPBAR1/GNAI1/PDE2A/MCHR1/AKAP12/HRH2/GHRHR/GPR61/ADRB2/ADRA2B/NOS1",61
"GO:0007608","sensory perception of smell","26/1787","53/13739",0.490566037735849,3.77162103662721,7.81694859456365,2.20195220511228e-10,7.53618142199677e-08,7.53618142199677e-08,"OR2W3/GNAL/OR2A1/OR51E2/OR52K2/OR1B1/OR52B6/OR11A1/NXNL2/OR9A2/OR1K1/OR2AE1/OR5C1/OR52D1/OR2L5/OR2H2/OR1L4/OR2L3/CNGB1/UGT2A1/SLC24A4/OR2A2/OR5P2/OR51I1/OR5P3/BEST2",26
"GO:0007610","behavior","81/1787","322/13739",0.251552795031056,1.93401446610614,6.55779095919865,1.89198071486926e-09,5.45288757611792e-07,5.45288757611792e-07,"P2RY1/GRIA1/NRGN/NR4A3/SHANK1/NPY1R/PENK/MEF2C/FOS/PTGDS/GRM2/NRXN2/HPGDS/LEP/CX3CR1/KCND2/FOXP2/BLOC1S6/NLGN1/HTR2A/CLN3/CNTN1/SLC8A2/CLSTN2/PLN/ATP1A2/GRPR/NPAS4/SCN3A/TAC1/CALB1/OTOP1/FOSB/GALR2/CNTN2/LRRK2/GFRAL/TACR2/CXCL12/KCNA2/HTR1B/NRXN1/MRAP2/SCN2A/TMBIM4/MAPT/LEPR/SLC6A1/ABCC8/PTN/CRHBP/GRIN2A/HOXA1/SLC2A4/ATP1B2/SLC8A3/USP2/EDNRB/NTF4/RAPGEF3/MAP1A/PTPRZ1/CLDN5/SLC24A4/NTRK1/GNAI1/MCHR1/BCHE/GATM/MUSK/ARC/NTRK2/GRID1/HCRTR1/GHRHR/KCNK4/PTEN/RELN/SNCA/MME/EGR1",81
"GO:0086009","membrane repolarization","23/1787","47/13739",0.48936170212766,3.76236173784662,7.33499418084196,2.58184912903033e-09,6.73247896693813e-07,6.73247896693813e-07,"KCNA5/KCND3/CAV1/AKAP6/KCND2/SCN2B/CASQ2/KCNA1/KCNIP2/ATP1A2/KCNE1/KCNJ3/CACNA2D1/KCNN2/CAV3/SCN4B/ATP1B2/ADCY10/SLC24A4/KCNE4/SCN5A/ANK2/NOS1",23
"GO:0006813","potassium ion transport","53/1787","178/13739",0.297752808988764,2.289214237659,6.69411203028392,2.7055596176482e-09,6.7343838482916e-07,6.7343838482916e-07,"KCNA5/KCND3/KCNC1/KCNMB2/CAV1/KCNIP4/KCNJ16/AMIGO1/AKAP6/KCND2/FXYD2/HTR2A/CASQ2/KCNA1/KCNIP2/KCNH3/HCN2/ATP1A2/KCNE1/KCNT1/KCNJ3/SNAP25/KCNJ15/SLC24A5/ABCC9/KCNA2/DPP6/KCNN2/NEDD4/SLC17A7/ABCC8/FHL1/CAV3/KCNV1/AQP1/KCNK7/ATP1B2/SLC12A1/DPP10/SLC12A3/KCNJ12/FXYD1/CNGB1/SLC9A4/SLC24A4/KCNE4/KCNJ9/KCNB1/KCNT2/KCNAB1/KCNK4/ANK2/NOS1",53
"GO:0009593","detection of chemical stimulus","35/1787","95/13739",0.368421052631579,2.83253320766943,6.93021232622311,3.13826441616458e-09,7.47179823605097e-07,7.47179823605097e-07,"OR2W3/KCNMB2/PIGR/OR2A1/OR51E2/TLR9/CASQ2/OR52K2/SYT1/OR1B1/RYR2/OR52B6/CYB5R4/KCNIP2/CALML3/TRPA1/OR11A1/OR9A2/OR1K1/OR2AE1/OR5C1/OR52D1/OR2L5/OR2H2/OR1L4/OR2L3/CNGB1/SLC24A4/NR4A1/CA6/TAS1R1/OR2A2/OR5P2/OR51I1/OR5P3",35
"GO:0071805","potassium ion transmembrane transport","49/1787","163/13739",0.300613496932515,2.31120807742352,6.51153296493421,7.54888822132966e-09,1.65350847600005e-06,1.65350847600005e-06,"KCNA5/KCND3/KCNC1/KCNMB2/CAV1/KCNIP4/KCNJ16/AMIGO1/AKAP6/KCND2/FXYD2/KCNA1/KCNIP2/KCNH3/HCN2/ATP1A2/KCNE1/KCNT1/KCNJ3/SNAP25/KCNJ15/SLC24A5/ABCC9/KCNA2/DPP6/KCNN2/NEDD4/SLC17A7/ABCC8/FHL1/CAV3/KCNV1/AQP1/KCNK7/ATP1B2/SLC12A1/DPP10/SLC12A3/KCNJ12/FXYD1/SLC9A4/SLC24A4/KCNE4/KCNJ9/KCNB1/KCNT2/KCNAB1/KCNK4/ANK2",49
"GO:0070252","actin-mediated cell contraction","35/1787","99/13739",0.353535353535354,2.71808742150096,6.63375473238455,1.09610759424554e-08,2.30857122541869e-06,2.30857122541869e-06,"KCNA5/KCND3/MYH2/CAV1/SCN9A/MYH4/CACNA1G/ACTA2/FGF12/SCN2B/CASQ2/RYR2/CACNB2/PLN/ATP1A2/KCNE1/SCN3A/KCNJ3/TNNI3/CACNA2D1/SCN4A/ZEB2/KCNN2/SCN2A/CAV3/SCN4B/ACTC1/TNNC1/ADCY10/KCNE4/SCN5A/CTNNA3/ADRB2/ANK2/NOS1",35
"GO:0035249","synaptic transmission, glutamatergic","29/1787","74/13739",0.391891891891892,3.01298416491477,6.71359502614612,1.38094983064261e-08,2.80077084170331e-06,2.80077084170331e-06,"GRIA1/GRIA4/MEF2C/GRM2/GRIK1/STXBP1/GRM4/NLGN1/GRIN3A/HTR2A/CLN3/SYT1/GRIA3/ATP1A2/GRIK5/LRRK2/TSHZ3/NRXN1/SLC17A7/GRIN2A/GRIK4/GRIK3/OPHN1/CCL2/NTRK1/HOMER1/UNC13A/GRID1/RELN",29
"GO:0051606","detection of stimulus","56/1787","206/13739",0.271844660194175,2.09002450274637,6.09504013738846,3.53545284061524e-08,5.86670901673002e-06,5.86670901673002e-06,"OR2W3/NLRC4/PGLYRP2/KCNMB2/SCN9A/PIGR/OR2A1/OR51E2/TLR9/HTR2A/CASQ2/OR52K2/KCNA1/SYT1/OR1B1/PTPRQ/RYR2/OR52B6/CYB5R4/KCNIP2/CALML3/STK3/PKD1L1/TMC2/TRPA1/TAC1/OR11A1/PKD1L2/GRK4/CXCL12/OR9A2/OR1K1/OR2AE1/CAV3/OR5C1/PDC/OR52D1/OR2L5/CABP1/OR2H2/OR1L4/OR2L3/CNGB1/ELOVL4/SCRN3/SLC24A4/NTRK1/NR4A1/NLRP3/CA6/TAS1R1/OR2A2/OR5P2/KCNK4/OR51I1/OR5P3",56
"GO:0035235","ionotropic glutamate receptor signaling pathway","16/1787","28/13739",0.571428571428571,4.39331681189544,6.94980467829214,4.08593443024977e-08,6.58075792354346e-06,6.58075792354346e-06,"GRIA1/SHANK1/GRIA4/MEF2C/GRIK1/NLGN1/GRIN3A/CLN3/GRIA3/GRIK5/NRXN1/GRIN2A/GRIK4/GRIK3/GRID1/ADRB2",16
"GO:0023061","signal release","82/1787","350/13739",0.234285714285714,1.80125989287713,5.87133818387431,4.84814345348368e-08,7.58526672893618e-06,7.58526672893618e-06,"P2RY1/TNFSF11/KCNA5/OXCT1/RIMS1/SRRM3/FAM3B/CPLX2/MEF2C/GRM2/NRXN2/ADCY5/FFAR3/STX1B/STXBP1/LEP/OR51E2/RIMS2/SYT9/GRM4/PTPRN2/SYN3/PTPRN/BLOC1S6/NLGN1/HTR2A/IL6ST/SYT1/ADCYAP1/SLC30A8/GPLD1/CYB5R4/GCK/GNAO1/PPARG/CELA2A/TRPA1/PPFIA2/TAC1/CACNA2D1/SNAP25/RBP4/MRGPRE/LRRK2/MICU3/TACR2/CXCL12/KCNA2/GIPR/ADRA2C/HTR1B/HCAR2/CACNB4/NRXN1/MCTP1/PCLO/ABCC8/CRHBP/WLS/PCSK5/LIN7A/DOC2B/PDE8B/PER2/CADPS/CHGA/IL6/EDNRB/RAPGEF3/PDE1C/DAB2/CYP19A1/EDN3/PLA2G3/UNC13A/KCNB1/GHRHR/MYRIP/SNCA/ERC2/ADRA2B/AGTR1",82
"GO:0120254","olefinic compound metabolic process","42/1787","141/13739",0.297872340425532,2.29013323173273,5.95402069784352,1.16535379758782e-07,1.67933615673445e-05,1.67933615673445e-05,"CYP2C8/BMP2/PTGDS/ELOVL3/CYP4F3/ALDH1A1/HSD3B1/ALOXE3/RDH12/CYP2A7/BMP5/HPGDS/FADS1/CYP4F12/CYP3A5/DHRS9/ALOX12B/ADH1A/ADH6/CYP4F11/ALDH1A2/DGAT2/RBP4/ADH1B/PTGS2/CYP2B6/WNT4/CYP4A11/CACNA1H/CYP3A7/RDH16/EDNRB/CYP2U1/PLA2G4A/CES1/CYP4F2/LIPE/DAB2/GSTM2/ADH4/AWAT1/EGR1",42
"GO:0007611","learning or memory","44/1787","154/13739",0.285714285714286,2.19665840594772,5.77436822559119,2.21025596077316e-07,2.95203942468142e-05,2.95203942468142e-05,"GRIA1/NRGN/SHANK1/MEF2C/FOS/NRXN2/BLOC1S6/HTR2A/CLN3/SLC8A2/CLSTN2/PLN/GRPR/NPAS4/TAC1/CALB1/GALR2/TACR2/NRXN1/SCN2A/MAPT/SLC6A1/ABCC8/PTN/CRHBP/GRIN2A/SLC2A4/SLC8A3/NTF4/RAPGEF3/MAP1A/PTPRZ1/CLDN5/NTRK1/BCHE/GATM/MUSK/ARC/NTRK2/KCNK4/PTEN/RELN/MME/EGR1",44
"GO:0006814","sodium ion transport","51/1787","196/13739",0.260204081632653,2.00052819113096,5.45511193485721,6.23551146279462e-07,7.58792461561407e-05,7.58792461561407e-05,"SLC5A10/UNC80/SLC13A1/NKAIN2/SCN9A/SLC38A4/SLC6A13/KLHL3/FGF12/SLC9B1/SCN2B/FXYD2/UTRN/SLC8A2/HCN2/ATP1A2/SLC5A3/SCN3A/SCN4A/SLC24A5/SPTBN4/PER1/SCN2A/NEDD4/SLC13A2/SLC6A1/SLC17A7/SLC38A11/GRIN2A/CAV3/SLC23A1/SCN4B/SLC4A4/ATP1B2/SLC10A1/SLC12A1/DMD/SLC12A3/ASIC4/SLC8A3/EDNRB/NKAIN4/FXYD1/CNGB1/SLC9A4/SLC24A4/UNC79/SLC10A6/SCN5A/SLC5A11/NOS1",51
"GO:0071466","cellular response to xenobiotic stimulus","41/1787","145/13739",0.282758620689655,2.1739343534724,5.49487630097525,7.65289937403787e-07,9.11027760265899e-05,9.11027760265899e-05,"CYP2C8/CES3/ALDH3A1/MEF2C/KCNC1/ACER2/CYP2A7/CYP26A1/ITGB3/CYP4F12/CYP3A5/UPP2/GPLD1/SULT1C4/SLCO1A2/NAT1/CYP2W1/RORA/HTR1B/ADIPOQ/AOX1/CRHBP/CYP2B6/UGT1A8/SLC10A1/CYP3A7/ACSL1/CYP2U1/UGT2A1/ABCB1/CYP4F2/GSTM2/AADAC/UGT2B15/PDE2A/NR1I2/BCHE/ACSM2B/UGT1A6/SULT1B1/NOS1",41
"GO:0051046","regulation of secretion","95/1787","454/13739",0.209251101321586,1.60878616735158,5.1005341897893,1.2105003129153e-06,0.00013809791069842,0.00013809791069842,"P2RY1/TNFSF11/SMPD3/KCNA5/OXCT1/RIMS1/SRRM3/BMP2/CPLX2/MEF2C/GRM2/SYT6/ADCY5/DISP1/FFAR3/STX1B/SCIN/FGF10/PLA2R1/STXBP1/LEP/OR51E2/RIMS2/SYT9/APBB1/PTPRN2/PTPRN/NLGN1/HTR2A/IL6ST/ALOX12B/SYT1/ADCYAP1/IGF1/SLC30A8/GPLD1/IER3IP1/GCK/RAB37/GNAO1/PPARG/CELA2A/TRPA1/PPFIA2/STXBP6/TAC1/EGF/CACNA2D1/SNAP25/RBP4/MRGPRE/LRRK2/NPR1/MICU3/TACR2/CXCL12/KCNA2/SYTL4/GIPR/ADRA2C/HTR1B/HCAR2/CACNB4/HMGCR/CORIN/MCTP1/ACHE/SAA1/ABCC8/CRHBP/WLS/DOC2B/AQP1/PDE8B/CYP4A11/PER2/SYT3/CADPS/CHGA/PTGER3/IL6/RAPGEF3/PDE1C/CES1/CYP4F2/DAB2/CYP19A1/EDN3/PLA2G3/KCNB1/GHRHR/MYRIP/SNCA/ADRA2B/AGTR1",95
"GO:0072001","renal system development","52/1787","209/13739",0.248803827751196,1.91287956881572,5.14211129283608,2.10478920161452e-06,0.000235220932000839,0.000235220932000839,"LRP4/GATA3/MYOCD/BMP2/MEF2C/BMP4/ACTA2/FGF10/HAS2/ACE/PDGFD/CYP26A1/CD34/KLHL3/ITGB3/GFRA1/PDGFRA/FOXF1/BLOC1S6/TRAF3IP1/ENPEP/CR1/CALB1/OSR2/ALDH1A2/RBP4/PYGO1/SALL1/ZBTB16/LRRK2/ADIPOQ/BMPER/TEK/PCSK5/SOX17/TBX18/WNT4/AQP1/SLIT2/CYP4A11/DACT2/AQP2/MAGI2/ROBO2/GREB1L/GPC3/KLF15/ITGA8/CITED1/AGTR1/MME/EGR1",52
"GO:0051480","regulation of cytosolic calcium ion concentration","18/1787","43/13739",0.418604651162791,3.21835999010945,5.63343279837535,2.50540605939225e-06,0.000263838530408307,0.000263838530408307,"P2RY1/CAV1/TMEM178A/CLN3/SLC8A2/RYR2/CACNB2/PLN/CALB1/CNR1/CACNB4/CAV3/SLC8A3/CNGB1/HRC/TRPC6/HCRTR1/ERC2",18
"GO:0141161","regulation of cAMP/PKA signal transduction","18/1787","43/13739",0.418604651162791,3.21835999010945,5.63343279837535,2.50540605939225e-06,0.000263838530408307,0.000263838530408307,"AKAP6/ADCYAP1/PKIA/PDE10A/PDE1A/PDE1B/LRRK2/LPAR1/NRXN1/PDE7B/PRKAR2B/PDE3A/MYOM1/ADIPOQ/PDE11A/PDE8B/PDE1C/PDE2A",18
"GO:0003341","cilium movement","39/1787","141/13739",0.276595744680851,2.12655228660896,5.1990875567666,2.5693418097757e-06,0.000265466334911919,0.000265466334911919,"ARMC12/EFHC1/PRSS55/TMEM232/TEKT2/SPAG6/TEKT3/PSMA1/SLC9B1/DNAH9/DNAH6/SPAG17/SPAG8/CATSPER1/TEKT4/TAC1/MNS1/TLE6/KIF9/DNAH7/TACR2/PACRG/DYNC2H1/FSIP2/PGAM4/EFHC2/EPPIN/PSMA2/NME5/DNALI1/SLC22A16/CCDC39/RSPH1/DNAH3/ADCY10/NEK10/CCDC38/HYDIN/TPPP2",39
"GO:0050808","synapse organization","98/1787","485/13739",0.202061855670103,1.55351305822694,4.79875963628186,4.13155922561506e-06,0.000411353060353965,0.000411353060353965,"GRIA1/CNKSR2/BDNF/ZNF365/IGSF11/RIMS1/SHANK1/LRP4/CACNA2D3/SLITRK5/LRRC4B/NTNG1/TENM1/MEF2C/CPNE6/POTEI/DAB1/NRXN2/RIMS2/CX3CR1/AMIGO1/ITGB3/SYN3/PALM/NLGN1/CLN3/LRFN5/ZC4H2/SPARCL1/NPTX1/SLC8A2/ARHGAP22/CACNB2/CLSTN2/BSN/NRN1/MYOT/ERBB4/NPAS4/PPFIA2/FGF22/NEGR1/CDH8/KY/CNTN2/LRRK2/NRXN1/GPM6A/SEMA4A/FILIP1/SNCG/PLXNA4/HMCN2/MAPT/ARHGEF15/NEDD4/PCLO/SLC6A1/ACHE/WNT3A/PTPN13/LIN7A/CTTNBP2/CCDC141/LRRC4C/PAK3/SLC8A3/FGF7/CDH6/CBLN1/SLIT1/MARK1/OPHN1/SHISA6/IGLON5/LRRTM4/CBLN4/CHRDL1/SLITRK4/NBEA/CAMK2B/ROBO2/ST8SIA2/TENM2/CNTN4/SYBU/BCAN/MUSK/ARC/HOMER1/GRID1/EGFLAM/ZDHHC15/PTEN/RELN/SNCA/ERC2/OPCML",98
"GO:0048667","cell morphogenesis involved in neuron differentiation","84/1787","406/13739",0.206896551724138,1.59068367327248,4.6715153930613,7.8862055414372e-06,0.000712265344598265,0.000712265344598265,"NCAM1/BDNF/ZNF365/FEZ1/SEMA6D/SHANK1/LRP4/SLIT3/FAT4/SLITRK5/NTNG1/TENM1/EFNB3/PTPRH/MEF2C/FAT3/POTEI/KIF5A/STXBP1/AMIGO1/APBB1/ARHGEF25/ISLR2/BLOC1S6/NLGN1/SEMA6A/CNTN1/NPTX1/HECW1/TUBB3/MYOT/PPFIA2/EPHB6/NEXN/SIAH1/CNTN2/LRRK2/MAP6/OLFM1/CDHR1/CXCL12/SPTBN4/NRXN1/SEMA4A/PLXNA4/USP33/HMCN2/MAPT/KIF5C/NEDD4/DCLK1/EFHC2/SEMA5A/PTN/SEMA3D/SEMA3G/SLIT2/LRRC4C/PAK3/EFNA3/PRKG1/SLIT1/OPHN1/ADCY10/MAP1A/SLITRK4/DSCAML1/USH1C/DCC/CAMK2B/ROBO2/EDN3/STRC/NTRK1/TENM2/MAG/CNTN4/CDKL3/ARC/NTRK2/ZDHHC15/PTEN/RELN/SEMA3A",84
"GO:0018958","phenol-containing compound metabolic process","26/1787","82/13739",0.317073170731707,2.43775506025905,5.04914585443834,8.39484851068554e-06,0.000741454684588936,0.000741454684588936,"DUOX2/GATA3/TPH2/SLC45A2/KL/PMEL/TPH1/DIO3/DUOXA1/NPR1/ZEB2/HDC/TG/MAOA/MAOB/DCT/IYD/PAH/RNF180/TPO/PNMT/RAB38/CITED1/SULT1B1/SNCA/SLCO1C1",26
"GO:0019228","neuronal action potential","13/1787","27/13739",0.481481481481481,3.7017762026156,5.43356156127076,9.91506789796773e-06,0.00083530633552725,0.00083530633552725,"GRIA1/UNC80/KCNMB2/SCN9A/FGF12/KCND2/KCNA1/TRPA1/KCNA2/SCN2A/SCN4B/UNC79/KCNK4",13
"GO:0035725","sodium ion transmembrane transport","40/1787","154/13739",0.25974025974026,1.9969621872252,4.81075196348104,1.02824679791581e-05,0.000842874962618872,0.000842874962618872,"SLC5A10/UNC80/SLC13A1/SCN9A/SLC38A4/SLC6A13/FGF12/SLC9B1/SCN2B/FXYD2/UTRN/SLC8A2/HCN2/ATP1A2/SLC5A3/SCN3A/SCN4A/SLC24A5/SCN2A/SLC13A2/SLC6A1/SLC17A7/GRIN2A/CAV3/SLC23A1/SCN4B/SLC4A4/ATP1B2/SLC12A1/DMD/SLC12A3/ASIC4/SLC8A3/FXYD1/CNGB1/SLC9A4/SLC24A4/UNC79/SCN5A/NOS1",40
"GO:0141156","cAMP/PKA signal transduction","20/1787","56/13739",0.357142857142857,2.74582300743465,5.06182705365926,1.26933843848811e-05,0.00100737641871897,0.00100737641871897,"AKAP6/ADCYAP1/PKIA/PDE10A/PDE1A/PDE1B/LRRK2/LPAR1/NRXN1/PDE7B/PRKAR2B/PDE3A/MYOM1/ADIPOQ/PDE11A/PDE8B/PDE1C/PDE2A/AKAP12/GHRHR",20
"GO:0042573","retinoic acid metabolic process","12/1787","24/13739",0.5,3.84415221040851,5.39217886370275,1.34496706862999e-05,0.00102292217608581,0.00102292217608581,"CYP2C8/ALDH1A1/CYP26A1/CYP3A5/DHRS9/ADH1A/ADH6/ALDH1A2/CYP2W1/ADH1B/UGT1A8/CYP3A7",12
"GO:0008217","regulation of blood pressure","36/1787","135/13739",0.266666666666667,2.05021451221787,4.74149533791425,1.50205081210276e-05,0.00112674386946229,0.00112674386946229,"FFAR3/ACE/LEP/OR51E2/KL/GCGR/UTS2B/CPA3/PPARG/TNNI3/ENPEP/TAC1/KLK3/KLK1/NPR1/HBB/PTGS2/OXTR/CORIN/ADIPOQ/CTSG/KLK2/PCSK5/CHGA/SOD2/EDNRB/PDE1C/CYP4F2/EDN3/UTS2R/CMA1/ADRB2/ADRA2B/AGTR1/MME/NOS1",36
"GO:0015849","organic acid transport","61/1787","275/13739",0.221818181818182,1.70540570789032,4.56900890997685,1.56305586913591e-05,0.00113630385575076,0.00113630385575076,"TNFSF11/SLC16A7/GRM2/SLC22A13/PLA2R1/ACE/STXBP1/SLC38A4/LEP/FABP3/SLC6A13/ABCB4/SLC16A9/SLC7A9/CLN3/ATP1A2/PPARG/SLC16A12/PLA2G5/SLCO1A2/SLC25A10/SLC16A6/SLC16A14/SLC26A4/ALB/SLC44A5/BDKRB2/FOLR3/SLC16A11/SLC13A2/SLC6A1/SLC17A7/SLC38A11/ABCG2/SLC38A6/SLC23A1/FABP5/OC90/SLC1A7/CYP4A11/SLC10A1/SLC26A5/PER2/ACSL1/SLC7A10/ABCB1/FABP4/PLA2G4A/CES1/CYP4F2/SLC26A3/SLC25A18/THRSP/CD36/SLC7A2/SLC7A3/PLA2G3/SLC10A6/SLC26A9/SLCO1C1/SLC22A11",61
"GO:0046942","carboxylic acid transport","61/1787","275/13739",0.221818181818182,1.70540570789032,4.56900890997685,1.56305586913591e-05,0.00113630385575076,0.00113630385575076,"TNFSF11/SLC16A7/GRM2/SLC22A13/PLA2R1/ACE/STXBP1/SLC38A4/LEP/FABP3/SLC6A13/ABCB4/SLC16A9/SLC7A9/CLN3/ATP1A2/PPARG/SLC16A12/PLA2G5/SLCO1A2/SLC25A10/SLC16A6/SLC16A14/SLC26A4/ALB/SLC44A5/BDKRB2/FOLR3/SLC16A11/SLC13A2/SLC6A1/SLC17A7/SLC38A11/ABCG2/SLC38A6/SLC23A1/FABP5/OC90/SLC1A7/CYP4A11/SLC10A1/SLC26A5/PER2/ACSL1/SLC7A10/ABCB1/FABP4/PLA2G4A/CES1/CYP4F2/SLC26A3/SLC25A18/THRSP/CD36/SLC7A2/SLC7A3/PLA2G3/SLC10A6/SLC26A9/SLCO1C1/SLC22A11",61
"GO:0043269","regulation of monoatomic ion transport","66/1787","305/13739",0.216393442622951,1.66369866155385,4.53233423839327,1.66615788736044e-05,0.00118491955729685,0.00118491955729685,"GRIA1/ADCYAP1R1/NKAIN2/KCNC1/CAV1/P2RX3/KCNIP4/LILRA5/LEP/AMIGO1/ITGB3/AKAP6/TLR9/FGF12/SCN2B/FXYD2/HTR2A/UTRN/CASQ2/RYR2/KCNIP2/CALML3/MYLK/CACNB2/PLN/ATP1A2/KCNE1/TRPA1/EGF/CACNA2D1/TACR2/CXCL12/HTR1B/SPTBN4/DPP6/KCNN2/PER1/PDZK1/NEDD4/LILRA2/ABCC8/JPH4/GRIN2A/FHL1/CAV3/EPPIN/SCN4B/ATP1B2/SLC26A5/DPP10/DMD/NKAIN4/FXYD1/CCL2/ABCB1/CAMK2B/GSTM2/HRC/TRPC6/MCHR1/SCN5A/HOMER1/KCNAB1/SNCA/ANK2/NOS1",66
"GO:0034308","primary alcohol metabolic process","27/1787","90/13739",0.3,2.3064913262451,4.80818432935067,1.77377995667588e-05,0.00122952139781736,0.00122952139781736,"CYP2C8/BMP2/ALDH1A1/RDH12/BMP5/CYP3A5/DHRS9/IGF1/ADH1A/ADH6/SULT1C4/TPK1/ALDH1A2/DGAT2/RBP4/ADH1B/WNT4/CACNA1H/CYP3A7/RDH16/EDNRB/CES1/LIPE/DAB2/ADH4/ALDH3A2/SULT1B1",27
"GO:0060074","synapse maturation","15/1787","36/13739",0.416666666666667,3.20346017534042,5.11861384658102,1.84437992690018e-05,0.00123995739841352,0.00123995739841352,"SHANK1/DAB1/CX3CR1/PALM/NRN1/FGF22/NRXN1/ARHGEF15/FGF7/CHRDL1/CAMK2B/SYBU/BCAN/PTEN/RELN",15
"GO:0044706","multi-multicellular organism process","35/1787","132/13739",0.265151515151515,2.03856556612572,4.63600005680954,2.24015136993603e-05,0.00144318457667879,0.00144318457667879,"PTHLH/FOS/TEKT3/PSG3/LEP/ITGB3/PSG6/ADCYAP1/TAC1/TLE6/PSG1/ENDOU/FOSB/PSG9/PTGFR/PAPPA/IL11RA/PSG4/MAFF/PSG5/OXTR/CORIN/DSG1/ABCC8/PTN/CRHBP/PSG2/PCSK5/ACR/PSG11/TPPP3/APLF/STC2/ACVR1C/ADRA2B",35
"GO:0060294","cilium movement involved in cell motility","34/1787","127/13739",0.267716535433071,2.05828622289589,4.63284502481017,2.34631840341214e-05,0.00149400460198661,0.00149400460198661,"ARMC12/EFHC1/PRSS55/TMEM232/TEKT2/TEKT3/PSMA1/SLC9B1/DNAH9/DNAH6/SPAG8/CATSPER1/TEKT4/TAC1/MNS1/TLE6/KIF9/DNAH7/TACR2/PACRG/DYNC2H1/FSIP2/PGAM4/EFHC2/EPPIN/PSMA2/NME5/DNALI1/SLC22A16/CCDC39/RSPH1/DNAH3/CCDC38/TPPP2",34
"GO:0015837","amine transport","22/1787","68/13739",0.323529411764706,2.48739260673492,4.75426815047962,2.86809019305981e-05,0.00174507354413284,0.00174507354413284,"P2RY1/GRM2/FFAR3/STXBP1/LEP/AQP9/HTR2A/SYT1/ATP1A2/TACR2/CXCL12/KCNA2/ADRA2C/SLC22A3/SLC22A16/PER2/CHGA/KCNB1/SLC47A2/SLC18A1/SNCA/ADRA2B",22
"GO:0014074","response to purine-containing compound","32/1787","118/13739",0.271186440677966,2.08496391073004,4.57673260600208,3.05423657359257e-05,0.001800850916974,0.001800850916974,"P2RY1/DUOX2/P2RY4/PENK/FOS/P2RX3/AKAP6/AQP9/CASQ2/RYR2/HCN2/KCNE1/TRPA1/P2RY12/FOSB/DUSP1/MMP19/ABCC9/PER1/PDE3A/CRHBP/TAT/CDO1/AQP1/AREG/SLC8A3/RAPGEF3/GSTM2/SLC26A3/PDE2A/CITED1/P2RX6",32
"GO:0050886","endocrine process","23/1787","73/13739",0.315068493150685,2.42234248875057,4.7113855493324,3.07255355048741e-05,0.001800850916974,0.001800850916974,"ACE/LEP/OR51E2/CPA3/PPARG/ENPEP/TAC1/TACR2/HCAR2/OXTR/CORIN/ADIPOQ/CTSG/CRHBP/PCSK5/EDNRB/PDE1C/DAB2/CYP19A1/EDN3/CMA1/AGTR1/MME",23
"GO:0120039","plasma membrane bounded cell projection morphogenesis","94/1787","483/13739",0.194616977225673,1.49627456637018,4.29331818802487,3.09130727165004e-05,0.001800850916974,0.001800850916974,"NCAM1/BDNF/ZNF365/FEZ1/RIMS1/SEMA6D/SHANK1/LRP4/SLIT3/FAT4/SLITRK5/NTNG1/TENM1/EFNB3/PTPRH/CPNE6/POTEI/KIF5A/STXBP1/RIMS2/AMIGO1/APBB1/ARHGEF25/TNN/ISLR2/BLOC1S6/NLGN1/SEMA6A/CNTN1/NPTX1/SYT1/HECW1/TUBB3/NRN1/MYOT/PPFIA2/EPHB6/NEXN/SIAH1/CNTN2/LRRK2/MAP6/OLFM1/CXCL12/SPTBN4/NRXN1/GPM6A/GAS7/SEMA4A/PLXNA4/USP33/HMCN2/MAPT/KIF5C/NEDD4/NGF/DCLK1/EFHC2/SEMA5A/PTN/SEMA3D/SEMA3G/SLIT2/LRRC4C/PAK3/SYT3/EFNA3/PRKG1/ENPP2/SLIT1/NTF4/OPHN1/ADCY10/MAP1A/SLITRK4/DSCAML1/DCC/CAMK2B/ROBO2/ST8SIA2/EDN3/NTRK1/TENM2/MAG/CNTN4/CDKL3/ARC/UNC13A/NTRK2/ZDHHC15/PTEN/RELN/SEMA3A/NRN1L",94
"GO:0015850","organic hydroxy compound transport","48/1787","206/13739",0.233009708737864,1.7914495737826,4.42551236854755,3.29895651584181e-05,0.00184562264570868,0.00184562264570868,"P2RY1/SLC16A7/NPC1L1/CAV1/GRM2/FFAR3/ABCB4/ITGB3/AQP9/HTR2A/SYT1/SOAT2/AQP7/SLC5A3/PPARG/SLCO1A2/TAC1/PON1/EGF/RBP4/CXCL12/KCNA2/ADRA2C/HTR1B/SLC44A5/SLC22A3/ADIPOQ/GRAMD1C/AQP1/SLC10A1/CHGA/AQP2/NPC1/CES1/DAB2/CD36/CYP19A1/SLC10A6/KCNB1/APOA2/ABCA8/SLC18A1/SLC5A11/SNCA/SLCO1C1/ADRA2B/AGTR1/NOS1",48
"GO:0046683","response to organophosphorus","29/1787","103/13739",0.281553398058252,2.16466823498731,4.58755291717127,3.33251513457684e-05,0.00184562264570868,0.00184562264570868,"P2RY1/DUOX2/P2RY4/PENK/FOS/P2RX3/AKAP6/AQP9/HCN2/KCNE1/P2RY12/FOSB/DUSP1/MMP19/LPAR1/ABCC9/PER1/PDE3A/CRHBP/TAT/CDO1/AQP1/AREG/SLC8A3/RAPGEF3/SLC26A3/PDE2A/CITED1/P2RX6",29
"GO:0044703","multi-organism reproductive process","34/1787","129/13739",0.263565891472868,2.02637480858743,4.52872048607056,3.33668082405331e-05,0.00184562264570868,0.00184562264570868,"PTHLH/FOS/PSG3/LEP/ITGB3/PSG6/ADCYAP1/TAC1/TLE6/PSG1/ENDOU/FOSB/PSG9/PTGFR/PAPPA/IL11RA/PSG4/MAFF/PSG5/OXTR/CORIN/DSG1/ABCC8/PTN/CRHBP/PSG2/PCSK5/PSG11/TPPP3/OR2H2/APLF/STC2/ACVR1C/ADRA2B",34
"GO:0050878","regulation of body fluid levels","61/1787","282/13739",0.216312056737589,1.66307294209162,4.35026260510677,3.47516392250794e-05,0.00190299976396535,0.00190299976396535,"P2RY1/PRRG3/ANGPTL1/TFPI2/F5/CAV1/ADCY5/FGF10/HAS2/STXBP1/SELP/ITGB3/CYP4F12/PDGFRA/CELA2B/HTR2A/IL6ST/ALOX12B/TFPI/ADAMTS18/GUCA1B/ERBB4/CELA2A/CYP4F11/P2RY12/PRRG1/TPH1/NPR1/HBB/DGKG/SVEP1/KRT1/ADRA2C/PRKAR2B/OXTR/SCUBE1/F10/CTSG/SAA1/CDO1/MMRN1/AQP1/CYP4A11/TEC/TUBB1/PRKG1/AQP2/IL6/EDNRB/PLG/PLA2G4A/KLKB1/CYP4F2/CD36/PEAR1/SERPINB2/PROS1/THBD/ADRA2B/ANGPT4/HRG",61
"GO:0050433","regulation of catecholamine secretion","12/1787","26/13739",0.461538461538462,3.54844819422324,5.02921249102493,3.73560573525057e-05,0.00202536406002298,0.00202536406002298,"P2RY1/GRM2/FFAR3/HTR2A/SYT1/CXCL12/KCNA2/ADRA2C/CHGA/KCNB1/SNCA/ADRA2B",12
"GO:0060079","excitatory postsynaptic potential","25/1787","85/13739",0.294117647058824,2.26126600612265,4.51013918214084,5.17403513356748e-05,0.00263851688060558,0.00263851688060558,"GRIA1/RIMS1/SHANK1/MEF2C/P2RX3/STX1B/BEGAIN/RIMS2/NLGN1/SLC8A2/NPAS4/LRRK2/CHRNA2/NRXN1/SLC17A7/GRIN2A/MPP2/SLC1A7/SLC8A3/CBLN1/ELOVL4/PTEN/RELN/P2RX6/ADRB2",25
"GO:0007157","heterophilic cell-cell adhesion","16/1787","43/13739",0.372093023255814,2.86076443565284,4.72533378198006,5.20379516262606e-05,0.00263851688060558,0.00263851688060558,"FAT4/SELP/AMIGO1/CADM3/NLGN1/NEGR1/NRXN1/PSG5/PSG2/CCDC141/PSG11/CEACAM8/CBLN1/IGLON5/LGALS7B/OPCML",16
"GO:0007596","blood coagulation","45/1787","193/13739",0.233160621761658,1.7926098390506,4.28781775278171,5.64221668075718e-05,0.00280879804943876,0.00280879804943876,"P2RY1/PRRG3/ANGPTL1/TFPI2/F5/CAV1/STXBP1/SELP/ITGB3/PDGFRA/CELA2B/HTR2A/IL6ST/TFPI/ADAMTS18/CELA2A/CYP4F11/P2RY12/PRRG1/HBB/DGKG/SVEP1/KRT1/ADRA2C/SCUBE1/F10/CTSG/SAA1/MMRN1/TEC/TUBB1/PRKG1/IL6/PLG/PLA2G4A/KLKB1/CYP4F2/CD36/PEAR1/SERPINB2/PROS1/THBD/ADRA2B/ANGPT4/HRG",45
"GO:0050817","coagulation","45/1787","193/13739",0.233160621761658,1.7926098390506,4.28781775278171,5.64221668075718e-05,0.00280879804943876,0.00280879804943876,"P2RY1/PRRG3/ANGPTL1/TFPI2/F5/CAV1/STXBP1/SELP/ITGB3/PDGFRA/CELA2B/HTR2A/IL6ST/TFPI/ADAMTS18/CELA2A/CYP4F11/P2RY12/PRRG1/HBB/DGKG/SVEP1/KRT1/ADRA2C/SCUBE1/F10/CTSG/SAA1/MMRN1/TEC/TUBB1/PRKG1/IL6/PLG/PLA2G4A/KLKB1/CYP4F2/CD36/PEAR1/SERPINB2/PROS1/THBD/ADRA2B/ANGPT4/HRG",45
"GO:0042572","retinol metabolic process","16/1787","44/13739",0.363636363636364,2.79574706211528,4.61311439812424,7.19791364494655e-05,0.00331796844131304,0.00331796844131304,"CYP2C8/ALDH1A1/RDH12/CYP3A5/DHRS9/ADH1A/ADH6/ALDH1A2/DGAT2/RBP4/ADH1B/CYP3A7/RDH16/CES1/LIPE/ADH4",16
"GO:1904706","negative regulation of vascular associated smooth muscle cell proliferation","10/1787","20/13739",0.5,3.84415221040851,4.92164567929519,7.21034047692206e-05,0.00331796844131304,0.00331796844131304,"MYOCD/RGS5/MEF2C/BMP4/CNN1/PPARG/ADIPOQ/PRKG1/SOD2/PTEN",10
"GO:0030900","forebrain development","48/1787","214/13739",0.224299065420561,1.72447949625802,4.13017152988798,9.09549936885283e-05,0.00404007737164501,0.00404007737164501,"GRIA1/NRGN/FEZ1/EFHC1/FAT4/BMP2/FOS/KCNC1/LHX6/BMP4/DAB1/FOXP2/BLOC1S6/KCNA1/ATP1A2/KDM6B/ERBB4/P2RY12/ALDH1A2/SALL1/LRRK2/LPAR1/CXCL12/KCNA2/PLXNA4/SEMA5A/WNT3A/DCT/SEMA3D/SEMA3G/SSTR1/AQP1/SLIT2/ATP1B2/KIF26A/METTL14/SLC8A3/SLIT1/OPHN1/TACC1/ROBO2/WNT2B/SCN5A/NTRK2/PCDH9/PTEN/RELN/SEMA3A",48
"GO:0141162","negative regulation of cAMP/PKA signal transduction","12/1787","28/13739",0.428571428571429,3.29498760892158,4.70033200707732,9.1558715675938e-05,0.00404007737164501,0.00404007737164501,"PKIA/PDE10A/PDE1A/PDE1B/LPAR1/PDE7B/PRKAR2B/PDE3A/PDE11A/PDE8B/PDE1C/PDE2A",12
"GO:0006836","neurotransmitter transport","41/1787","174/13739",0.235632183908046,1.811611961227,4.16597734617994,9.22839016152431e-05,0.00404007737164501,0.00404007737164501,"P2RY1/RIMS1/CPLX2/MEF2C/NRXN2/STX1B/STXBP1/RIMS2/SYT9/SLC6A13/GRM4/ITGB3/PTPRN2/SYN3/BLOC1S6/NLGN1/SYT1/ATP1A2/PPFIA2/SNAP25/LRRK2/MICU3/TACR2/CACNB4/NRXN1/SLC22A3/MCTP1/PCLO/SLC6A1/SLC17A7/LIN7A/SLC1A7/DOC2B/PER2/CADPS/SLC25A18/UNC13A/SLC18A1/SNCA/ERC2/NOS1",41
"GO:0009914","hormone transport","49/1787","220/13739",0.222727272727273,1.71239507554561,4.11873362359422,9.29601440517297e-05,0.00404007737164501,0.00404007737164501,"P2RY1/TNFSF11/KCNA5/OXCT1/SRRM3/FAM3B/ADCY5/FFAR3/LEP/RIMS2/PTPRN2/PTPRN/IL6ST/ADCYAP1/SLC30A8/GPLD1/CYB5R4/GCK/GNAO1/PPARG/CELA2A/TRPA1/TAC1/CACNA2D1/SNAP25/RBP4/MRGPRE/TACR2/GIPR/ADRA2C/HCAR2/ABCC8/CRHBP/DOC2B/PDE8B/PER2/TUBB1/CHGA/IL6/RAPGEF3/DAB2/CYP19A1/EDN3/PLA2G3/KCNB1/GHRHR/MYRIP/SLCO1C1/AGTR1",49
"GO:0016101","diterpenoid metabolic process","22/1787","73/13739",0.301369863013699,2.31702325010924,4.3625247489795,9.60161287717855e-05,0.00411026275503118,0.00411026275503118,"CYP2C8/LPL/ALDH1A1/RDH12/CYP26A1/CYP3A5/DHRS9/ADH1A/ADH6/ALDH1A2/CYP2W1/DGAT2/RBP4/ADH1B/UGT1A8/RLBP1/CYP3A7/RDH16/CES1/LIPE/ADH4/ALDH3A2",22
"GO:0006641","triglyceride metabolic process","23/1787","78/13739",0.294871794871795,2.26706412408707,4.33918723355604,9.75234811411499e-05,0.00411026275503118,0.00411026275503118,"AGMO/LPL/CAV1/FABP3/PCK1/GPLD1/PLIN5/CIDEC/DGAT2/GPIHBP1/GPAM/CAV3/FABP5/ABHD5/PNPLA1/GK/ACSL1/PLIN1/FABP4/LIPE/AADAC/THRSP/APOA2",23
"GO:0007156","homophilic cell-cell adhesion","38/1787","158/13739",0.240506329113924,1.84908587336105,4.15066826269886,0.000103849815344793,0.00430819385475823,0.00430819385475823,"IGSF11/FAT4/FAT3/CDH17/AMIGO1/CADM3/PCDHA8/CDH20/PCDHA3/CDH5/CLSTN2/MYOT/CDH7/NEXN/CDH8/CDH15/PCDHA13/CNTN2/PCDH20/DSC1/CDHR1/PSG5/HMCN2/DSG1/CDH22/PSG2/DSC3/PCDHA2/PSG11/CEACAM8/CDH6/CADM2/PCDH19/DSCAML1/ROBO2/CNTN4/PCDHA4/PCDH9",38
"GO:0035296","regulation of tube diameter","28/1787","104/13739",0.269230769230769,2.06992811329689,4.23494171616846,0.000107304646542713,0.00435259440346589,0.00435259440346589,"P2RY1/KCNMB2/CAV1/ADRA1D/ACE/LEP/HTR2A/UTS2B/NPR1/HBB/SVEP1/ADRA2C/HTR1B/BDKRB2/OXTR/GAB1/PER2/PRKG1/SOD2/EDNRB/HRH1/EDN3/UTS2R/HRH2/ADRB2/ADRA2B/AGTR1/NOS1",28
"GO:0097746","blood vessel diameter maintenance","28/1787","104/13739",0.269230769230769,2.06992811329689,4.23494171616846,0.000107304646542713,0.00435259440346589,0.00435259440346589,"P2RY1/KCNMB2/CAV1/ADRA1D/ACE/LEP/HTR2A/UTS2B/NPR1/HBB/SVEP1/ADRA2C/HTR1B/BDKRB2/OXTR/GAB1/PER2/PRKG1/SOD2/EDNRB/HRH1/EDN3/UTS2R/HRH2/ADRB2/ADRA2B/AGTR1/NOS1",28
"GO:0046189","phenol-containing compound biosynthetic process","14/1787","37/13739",0.378378378378378,2.90908815922806,4.49612735662058,0.000123264591593428,0.00475349932088458,0.00475349932088458,"GATA3/TPH2/SLC45A2/KL/PMEL/TPH1/ZEB2/HDC/DCT/PAH/PNMT/RAB38/CITED1/SNCA",14
"GO:0019433","triglyceride catabolic process","12/1787","29/13739",0.413793103448276,3.18136734654497,4.54687295185188,0.000137799662061021,0.00516843116059008,0.00516843116059008,"LPL/FABP3/GPLD1/PLIN5/GPIHBP1/FABP5/ABHD5/PNPLA1/PLIN1/FABP4/LIPE/AADAC",12
"GO:0007586","digestion","25/1787","90/13739",0.277777777777778,2.13564011689361,4.17941313818218,0.000143791961227946,0.00528492115074887,0.00528492115074887,"NPC1L1/FGF10/LEP/TLR9/TFF1/SOAT2/MUC4/RBP4/AKR1D1/ENPP7/PRSS3/UCN2/CHRM5/AQP1/CHIT1/PTGER3/NPC1/PPARGC1A/CTRB2/CD36/NR1I2/HRH2/ASAH2/PGA4/PGA3",25
"GO:0030198","extracellular matrix organization","52/1787","242/13739",0.214876033057851,1.6520323548863,3.95696260246197,0.000152362226488362,0.00538415306954,0.00538415306954,"SMOC2/COL28A1/DPP4/COL17A1/BMP2/ADAMTS9/COL19A1/CCDC80/HAS2/COL23A1/ELANE/COLGALT2/IER3IP1/ADAMTS18/TMPRSS6/ADAMTS8/PPARG/VIT/COL24A1/MFAP4/TPSAB1/THSD4/MMP28/TGFBR3/COL6A6/KIF9/ADAMTS15/MMP19/CTSG/ADAMTSL3/ADAMTS5/DPT/TNXB/FLRT2/SPINK5/ADAMTSL5/ADAMTS1/FBLN5/COL4A6/LAMA2/IL6/PLG/MMP16/HPSE2/ECM2/HAS1/RECK/COL7A1/COL14A1/ADAMTS4/CMA1/MYH11",52
"GO:0006631","fatty acid metabolic process","66/1787","328/13739",0.201219512195122,1.5470368651644,3.87727562874641,0.000169862240836325,0.00581353519262322,0.00581353519262322,"CYP2C8/PDK4/LPL/ACSBG2/PTGDS/ELOVL3/CAV1/CYP4F3/ACOT1/ALOXE3/SLC22A13/CYP2A7/PLA2G4D/HPGDS/LEP/FABP3/FADS1/CYP4F12/ACOX2/ALOX12B/PLIN5/FA2H/ACSBG1/PPARG/SCD5/CYP4F11/PLA2G5/TPK1/DGAT2/ACSM5/GPIHBP1/PTGS2/ETFDH/ACOXL/ADIPOQ/PM20D1/CYP2B6/ACADSB/FABP5/ABHD5/UGT1A8/ACADL/CYP4B1/CYP4A11/ACACB/PER2/ACSL1/HAO2/ACSL6/CYP2U1/PLA2G4A/CES1/CYP4F2/PPARGC1A/GSTM2/ELOVL4/ACSM2A/ADH4/CD36/ALDH3A2/PLA2G3/AWAT1/ASAH2/ACSM2B/UGT1A6/BDH2",66
"GO:0140448","signaling receptor ligand precursor processing","14/1787","38/13739",0.368421052631579,2.83253320766943,4.37392426085732,0.000171996023923664,0.0058138902901604,0.0058138902901604,"DPP4/ACE/CASP1/SLC30A8/CPA3/ENPEP/CORIN/CTSG/PCSK1/PCSK5/PCSK2/BCHE/CMA1/MME",14
"GO:0140115","export across plasma membrane","21/1787","71/13739",0.295774647887324,2.27400553291771,4.16151767421708,0.000184202043516157,0.00611327509269378,0.00611327509269378,"KCNA5/KCND3/FXYD2/SLC8A2/KCNIP2/ATP1A2/KCNE1/KCNA2/PDZK1/NEDD4/ABCG2/SLC4A4/ATP1B2/SLC8A3/FXYD1/ABCB1/SLC24A4/KCNE4/KCNB1/KCNT2/SLC47A2",21
"GO:0050919","negative chemotaxis","15/1787","43/13739",0.348837209302326,2.68196665842454,4.27128427378241,0.000206165754864756,0.00660212674642925,0.00660212674642925,"DPP4/SEMA6D/SLIT3/ITGB3/SEMA6A/SEMA4A/PLXNA4/SEMA5A/SEMA3D/SEMA3G/FLRT2/SLIT2/SLIT1/ROBO2/SEMA3A",15
"GO:0007517","muscle organ development","44/1787","198/13739",0.222222222222222,1.70851209351489,3.88291813002447,0.000218300632538408,0.00695008292895535,0.00695008292895535,"MYOCD/BMP2/MEF2C/COL19A1/EGR2/CAV1/BMP4/DISP1/RTL1/EGR3/FOXP2/HBEGF/UTRN/CFL2/IGF1/RYR2/MYLK/TNNI3/TGFBR3/ZFPM2/RPL3L/KY/PAX3/MYOM1/RBM24/ACTA1/WNT3A/FHL1/CAV3/SVIL/SGCD/ACTC1/CACNA1H/DMD/TMEM182/POPDC2/DES/TNNC1/LAMA2/USP2/MYL3/MUSTN1/TRIM72/ITGA7",44
"GO:0019755","one-carbon compound transport","8/1787","15/13739",0.533333333333333,4.10042902443574,4.64548228970471,0.000221784912032004,0.00702019756235407,0.00702019756235407,"AQP9/HBA1/HBA2/AQP7/HBB/AQP1/HBG2/UPK3A",8
"GO:0043410","positive regulation of MAPK cascade","69/1787","351/13739",0.196581196581197,1.51137608272471,3.75266553343801,0.000250458632048686,0.00774865236778872,0.00774865236778872,"P2RY1/TNFSF11/DUSP15/BMP2/TENM1/MEF2C/MYOC/BMP4/WNT16/LILRA5/ADRA1D/ACTA2/FGF10/PDGFD/LEP/GRM4/ITGB3/TLR9/MAPK8IP1/PDGFRA/ELANE/HTR2A/EDAR/IL6ST/ALOX12B/ADCYAP1/IGF1/IL15/FGF5/ERBB4/PLA2G5/FGF17/FGF22/EGF/GHR/HGF/LRRK2/ERN2/GFRAL/LPAR1/IL11RA/SPRY2/ADRA2C/NRXN1/PELI2/SH3RF2/NGF/GPR55/BMPER/NAMPT/TEK/IGFBP6/WNT4/PDE8B/FGF7/IL6/GPBAR1/FLT3/CD36/EDN3/NTRK1/NEK10/IL1R1/AKAP12/FZD10/NTRK2/SEMA3A/ADRB2/ADRA2B",69
"GO:0060322","head development","85/1787","454/13739",0.187224669603524,1.43944025499878,3.68171973213806,0.000284481050565865,0.00860673056850097,0.00860673056850097,"GRIA1/MEIS2/ZNF365/NRGN/FEZ1/AFF2/SYPL2/EFHC1/FAT4/BMP2/FOS/KCNC1/EGR2/LHX6/BMP4/POU3F1/DAB1/BMP5/CX3CR1/AMIGO1/FOXP2/BLOC1S6/CNTN1/KCNA1/IER3IP1/ATP1A2/KCNE1/KDM6B/ERBB4/NR4A2/P2RY12/MACROD2/CRISPLD2/OSR2/ALDH1A2/SALL1/LRRK2/RORA/LPAR1/WNT3/CXCL12/IL11RA/KCNA2/NRXN1/PLXNA4/GDF10/EMX1/SEMA5A/WNT3A/WLS/GRIN2A/MAOB/DCT/SLC23A1/SEMA3D/SEMA3G/SSTR1/AQP1/SLIT2/ATP1B2/CCDC141/MEIS1/KIF26A/METTL14/SLC8A3/BRINP1/CBLN1/SLIT1/OPHN1/TACC1/DSCAML1/PLP1/ROBO2/CLDN5/WNT2B/MAG/CNTN4/SCN5A/NTRK2/CMA1/CITED1/PCDH9/PTEN/RELN/SEMA3A",85
"GO:0009410","response to xenobiotic stimulus","60/1787","297/13739",0.202020202020202,1.55319281228626,3.72671814386761,0.000294827967924604,0.00887075797997326,0.00887075797997326,"CYP2C8/GRIA1/ADCYAP1R1/CES3/OXCT1/GATA3/ALDH3A1/MEF2C/FOS/KCNC1/AMELX/ACER2/GRM2/CYP2A7/CYP26A1/FABP3/ITGB3/CYP4F12/CYP3A5/HTR2A/UPP2/GPLD1/HCN2/RAB6C/SULT1C4/SLCO1A2/NAT1/FOSB/CYP2W1/RBP4/RORA/HTR1B/ADIPOQ/AOX1/ABCC8/CRHBP/CYP2B6/UGT1A8/ACTC1/SLC10A1/SLC26A5/CYP3A7/ACSL1/SOD2/CYP2U1/UGT2A1/ABCB1/CYP4F2/GSTM2/AADAC/UGT2B15/NTRK1/PDE2A/NR1I2/BCHE/ACSM2B/UGT1A6/SRR/SULT1B1/NOS1",60
"GO:0019722","calcium-mediated signaling","43/1787","197/13739",0.218274111675127,1.67815781774178,3.70703102720169,0.00038483240427912,0.0112092672650663,0.0112092672650663,"GRIA1/TNFSF11/TRAT1/RGN/CHP2/RCAN2/P2RX3/GRIK1/CX3CR1/AKAP6/PDGFRA/ACKR4/GPR62/CASQ2/SLC8A2/GRIA3/IGF1/RYR2/CALML3/ATP1A2/KSR2/TNNI3/TRPA1/P2RY12/PTGDR2/LRRK2/TMBIM4/MAPT/MCTP1/JPH4/GRIN2A/DMD/CCR9/GRIK3/EDNRB/GSTM2/SLC24A4/HRC/AGTR1/ANK2/NOS1/CXCR2/IRGM",43
"GO:0014706","striated muscle tissue development","46/1787","215/13739",0.213953488372093,1.64493955050038,3.68544046141361,0.00039398958038516,0.0112263687980471,0.0112263687980471,"ASB2/MYOCD/BMP2/ADAMTS9/MEF2C/EGR2/CAV1/GLI1/BMP4/CACNA1G/BMP5/RTL1/AKAP6/PDGFRA/FOXP2/CFL2/IGF1/TBX5/RYR2/KDM6B/ERBB4/TNNI3/TGFBR3/ZFPM2/RPL3L/RBP4/HOPX/ALPK2/MYOM1/PGM5/RBM24/ACTA1/WNT3A/CAV3/SVIL/SGCD/TBX18/MYLK3/ACTC1/DMD/POPDC2/MEIS1/TNNC1/MYL3/SCN5A/MYH11",46
"GO:0008366","axon ensheathment","26/1787","101/13739",0.257425742574257,1.97916747466577,3.81896838228494,0.000402687338170431,0.0112263687980471,0.0112263687980471,"CFH/EGR2/MYOC/POU3F1/BCAS1/AMIGO1/CNTN1/IGF1/ACSBG1/PLLP/PRX/DHH/LPAR1/SCN2A/PTN/JAM2/LGI4/SLC8A3/GAL3ST1/PLP1/PTPRZ1/CLDN5/MAG/SBF2/PTEN/ANK2",26
"GO:0099558","maintenance of synapse structure","12/1787","32/13739",0.375,2.88311415780638,4.12367254571606,0.000412075977787405,0.0112438283558638,0.0112438283558638,"RIMS1/SHANK1/RIMS2/ITGB3/BSN/PPFIA2/PLXNA4/PCLO/CBLN1/OPHN1/CBLN4/ERC2",12
"GO:0007269","neurotransmitter secretion","30/1787","123/13739",0.24390243902439,1.87519620019927,3.76996178422834,0.000412711742061472,0.0112438283558638,0.0112438283558638,"P2RY1/RIMS1/CPLX2/MEF2C/NRXN2/STX1B/STXBP1/RIMS2/SYT9/GRM4/PTPRN2/SYN3/BLOC1S6/NLGN1/SYT1/PPFIA2/SNAP25/LRRK2/MICU3/TACR2/CACNB4/NRXN1/MCTP1/PCLO/LIN7A/DOC2B/CADPS/UNC13A/SNCA/ERC2",30
"GO:0048589","developmental growth","63/1787","320/13739",0.196875,1.51363493284835,3.59478735738301,0.000437606719336676,0.0118046029314662,0.0118046029314662,"BDNF/RIMS1/SEMA6D/LRP4/SLIT3/MEF2C/GLI1/CPNE6/BMP4/EREG/FGF10/LEP/RIMS2/AKAP6/TNN/ISLR2/BLOC1S6/SYT1/IGF1/TBX5/IER3IP1/NRN1/ERBB4/TGFBR3/ZFPM2/RBP4/GHR/SALL1/OLFM1/CXCL12/PSAPL1/PLXNA4/MAPT/DCLK1/LEPR/SEMA5A/PTN/CAV3/SEMA3G/LIN7A/SLIT2/ACACB/TMEM182/SYT3/FBLN5/MEIS1/PRKG1/FGF7/SLIT1/ADCY10/MUSTN1/DCC/ST8SIA2/EDN3/MAG/CDKL3/MUSK/ACVR1C/UNC13A/GHRHR/PTEN/SEMA3A/NRN1L",63
"GO:0050995","negative regulation of lipid catabolic process","10/1787","24/13739",0.416666666666667,3.20346017534042,4.17750194275814,0.000467214326378686,0.0124803202499985,0.0124803202499985,"CIDEA/GPLD1/PLIN5/CIDEC/ENDOU/HCAR3/HCAR2/ACACB/PLIN1/APOA2",10
"GO:0055074","calcium ion homeostasis","36/1787","158/13739",0.227848101265823,1.75176556423679,3.67492802125644,0.000478062002841188,0.0127080947939726,0.0127080947939726,"P2RY1/RGN/PTH1R/CAV1/ELANE/TMEM178A/HTR2A/CLN3/CASQ2/SLC25A27/SLC8A2/RYR2/CDH5/CACNB2/PLN/TNNI3/TRPA1/CALB1/CNR1/MICU3/CXCL12/SLC24A5/CACNB4/CAV3/SLC8A3/CNGB1/EDN3/SLC24A4/HRC/CCL14/CCL23/TRPC6/STC2/HCRTR1/ERC2/ANK2",36
"GO:0006816","calcium ion transport","64/1787","328/13739",0.195121951219512,1.50015696015942,3.54500128906523,0.000507878711604094,0.0133911224874852,0.0133911224874852,"ADCYAP1R1/SRL/CACNA2D3/PLCL1/PLCH2/CAV1/P2RX3/CACNA1G/LILRA5/CACNA1A/CACNA2D2/ITGB3/AKAP6/TLR9/GRIN3A/HTR2A/CASQ2/SLC8A2/RYR2/CALML3/MYLK/CACNB2/PKD1L1/GCK/PLN/ATP1A2/TMC2/CATSPER1/TRPA1/TRPM1/EGF/CACNA2D1/PKD1L2/MICU3/CXCL12/SLC24A5/CHRNA2/CACNB4/GPM6A/TMBIM4/LILRA2/JPH4/WNT3A/GRIN2A/CAV3/EPPIN/CACNA1H/DMD/SLC8A3/EDNRB/CNGB1/CCL2/CAMK2B/GSTM2/SLC24A4/HRC/TRPC6/MCHR1/HOMER1/SNCA/P2RX6/ANK2/NOS1/LETM2",64
"GO:0033002","muscle cell proliferation","35/1787","153/13739",0.228758169934641,1.75876244920651,3.64929926831043,0.000526055580926673,0.013717525529307,0.013717525529307,"NR4A3/MYOCD/BMP2/RGS5/MEF2C/FOS/GLI1/BMP4/PIK3R1/EREG/PDGFD/ITGB3/KLF4/ELANE/CNN1/HBEGF/IGF1/TBX5/PPARG/ERBB4/OGN/TGFBR3/ZFPM2/PDE1A/RBP4/NPR1/HTR1B/ADIPOQ/RBPMS2/ADAMTS1/PRKG1/SOD2/IL6/PPARGC1A/PTEN",35
"GO:0021700","developmental maturation","44/1787","206/13739",0.213592233009709,1.64216210930072,3.5907484841271,0.00054107703440259,0.0140423594331212,0.0140423594331212,"SHANK1/BMP2/LHX6/MYOC/DAB1/EREG/STXBP1/LEP/CX3CR1/PTPRN/PALM/BLOC1S6/IGF1/KCNIP2/NRN1/PPARG/CATSPER1/FGF22/CNTN2/ZBTB16/LRRK2/TUBB8/SPTBN4/NRXN1/PDE3A/ARHGEF15/LGI4/SPINK5/FGF7/EDNRB/CNGB1/CHRDL1/CAMK2B/SLC26A3/SLC24A4/RECK/SYBU/BCAN/RAB38/KCNB1/TDRD6/ZDHHC15/PTEN/RELN",44
"GO:0071692","protein localization to extracellular region","52/1787","255/13739",0.203921568627451,1.56781109757837,3.53890035752071,0.000576147928381904,0.0148820096972609,0.0148820096972609,"KCNA5/OXCT1/SRRM3/FAM3B/ADCY5/DISP1/OR51E2/RIMS2/APBB1/PTPRN2/PTPRN/BLOC1S6/IL6ST/ADCYAP1/IGF1/SLC30A8/GPLD1/CYB5R4/IER3IP1/GCK/GNAO1/PPARG/CELA2A/TRPA1/NEGR1/CACNA2D1/SNAP25/RBP4/MRGPRE/ARL4D/TACR2/SYTL4/GIPR/ADRA2C/HCAR2/SNCG/HMGCR/ACHE/SAA1/ABCC8/WLS/PCSK5/DOC2B/PDE8B/PER2/CHGA/IL6/EDNRB/RAPGEF3/PDE1C/KCNB1/MYRIP",52
"GO:0008544","epidermis development","45/1787","213/13739",0.211267605633803,1.62428966636979,3.55054479704476,0.00060290066451984,0.0154999250653082,0.0154999250653082,"SCEL/ZFP36/COL17A1/PTHLH/GLI1/BMP4/LAMA3/WNT16/ALOXE3/GRHL3/EREG/KLF4/EDAR/ALOX12B/FA2H/KRT79/DSC1/FOXN1/SVEP1/KRT1/MAFF/HOXA7/KRT4/TP63/SLC39A2/POU2F3/DCT/FABP5/CSTA/KRTDAP/CERS3/FLG2/SPINK5/FGF7/NTF4/KRT32/USH1C/FLG/STRC/ALDH3A2/KRT10/COL7A1/ALX4/KRT77/KRT15",45
"GO:0032341","aldosterone metabolic process","6/1787","10/13739",0.6,4.61298265249021,4.41926621264227,0.000631240871770159,0.0159909601504555,0.0159909601504555,"BMP2/BMP5/WNT4/CACNA1H/EDNRB/DAB2",6
"GO:0097254","renal tubular secretion","6/1787","10/13739",0.6,4.61298265249021,4.41926621264227,0.000631240871770159,0.0159909601504555,0.0159909601504555,"CLN3/NPR1/CORIN/ABCG2/EDNRB/AGTR1",6
"GO:0035592","establishment of protein localization to extracellular region","52/1787","256/13739",0.203125,1.56168683547846,3.50771823664791,0.000633681218526085,0.0159909601504555,0.0159909601504555,"KCNA5/OXCT1/SRRM3/FAM3B/ADCY5/DISP1/OR51E2/RIMS2/APBB1/PTPRN2/PTPRN/BLOC1S6/IL6ST/ADCYAP1/IGF1/SLC30A8/GPLD1/CYB5R4/IER3IP1/GCK/GNAO1/PPARG/CELA2A/TRPA1/NEGR1/CACNA2D1/SNAP25/RBP4/MRGPRE/ARL4D/TACR2/SYTL4/GIPR/ADRA2C/HCAR2/SNCG/HMGCR/ACHE/SAA1/ABCC8/WLS/PCSK5/DOC2B/PDE8B/PER2/CHGA/IL6/EDNRB/RAPGEF3/PDE1C/KCNB1/MYRIP",52
"GO:0021675","nerve development","15/1787","48/13739",0.3125,2.40259513150532,3.76390887563772,0.000790165183420082,0.0194033387641631,0.0194033387641631,"BDNF/KCNC1/EGR2/NPTX1/SALL1/LPAR1/KCNA2/PLXNA4/NGF/HOXA1/NTF4/CNGB1/SLC24A4/NTRK1/SEMA3A",15
"GO:1903115","regulation of actin filament-based movement","13/1787","39/13739",0.333333333333333,2.56276814027234,3.77894271740413,0.00088681721917957,0.0214876597001209,0.0214876597001209,"CAV1/ACTA2/RYR2/PLN/ATP1A2/ZEB2/CAV3/TNNC1/ADCY10/SCN5A/CTNNA3/ADRB2/ANK2",13
"GO:1901379","regulation of potassium ion transmembrane transport","16/1787","54/13739",0.296296296296296,2.27801612468652,3.63843442762182,0.00102256132340261,0.0242404580387562,0.0242404580387562,"KCNC1/CAV1/KCNIP4/AMIGO1/AKAP6/KCNIP2/KCNE1/DPP6/KCNN2/NEDD4/FHL1/CAV3/ATP1B2/DPP10/KCNAB1/ANK2",16
"GO:0099054","presynapse assembly","12/1787","35/13739",0.342857142857143,2.63599008713726,3.74709544167695,0.00104803416793817,0.0246843452897023,0.0246843452897023,"IGSF11/LRP4/LRRC4B/NLGN1/LRFN5/BSN/NRXN1/PCLO/WNT3A/CBLN1/PTEN/SNCA",12
"GO:0008212","mineralocorticoid metabolic process","6/1787","11/13739",0.545454545454545,4.19362059317292,4.0971302195941,0.00123598383748872,0.0282010312253676,0.0282010312253676,"BMP2/BMP5/WNT4/CACNA1H/EDNRB/DAB2",6
"GO:0042363","fat-soluble vitamin catabolic process","6/1787","11/13739",0.545454545454545,4.19362059317292,4.0971302195941,0.00123598383748872,0.0282010312253676,0.0282010312253676,"CYP4F3/CYP26A1/CYP4F12/CYP4F11/CYP2W1/CYP4F2",6
"GO:1901317","regulation of flagellated sperm motility","6/1787","11/13739",0.545454545454545,4.19362059317292,4.0971302195941,0.00123598383748872,0.0282010312253676,0.0282010312253676,"TAC1/KIF9/TACR2/PGAM4/EPPIN/TPPP2",6
"GO:0007286","spermatid development","27/1787","114/13739",0.236842105263158,1.82091420493034,3.40318596034474,0.0012607068307737,0.0284266127082943,0.0284266127082943,"ARMC12/GLI1/CCDC136/DPY19L2/SPAG17/PLN/CATSPER1/MNS1/PYGO1/DHH/FSIP2/RFX2/ADAD2/DDX25/JAM2/NME5/DNALI1/GALNTL5/RSPH1/DNAH3/AXDND1/ADCY10/FAM9B/SLC26A3/PIWIL1/CCDC38/STK33",27
"GO:0001659","temperature homeostasis","38/1787","178/13739",0.213483146067416,1.64132341568004,3.3300057250392,0.00126144391674863,0.0284266127082943,0.0284266127082943,"TNFSF11/PLCL1/ELOVL3/CAV1/ALDH1A1/ZNF423/LEP/HTR2A/CIDEA/ADCYAP1/IL15/KDM6B/KSR2/NOVA1/DNAJC28/PRDM16/PTGS2/OXTR/ADIPOQ/LEPR/ACHE/G0S2/PM20D1/ADAMTS5/FABP5/ACADL/PER2/ACSL1/PTGER3/EDNRB/PTH2R/FABP4/PPARGC1A/CD36/IL18R1/GATM/ADRB2/EGR1",38
"GO:0048738","cardiac muscle tissue development","33/1787","149/13739",0.221476510067114,1.70277883145612,3.33507663215779,0.00134474340609306,0.0301795692285474,0.0301795692285474,"ASB2/MYOCD/BMP2/ADAMTS9/MEF2C/GLI1/BMP4/CACNA1G/BMP5/AKAP6/PDGFRA/IGF1/TBX5/RYR2/KDM6B/ERBB4/TNNI3/TGFBR3/ZFPM2/RBP4/HOPX/ALPK2/WNT3A/CAV3/SGCD/TBX18/MYLK3/ACTC1/MEIS1/TNNC1/MYL3/SCN5A/MYH11",33
"GO:0009612","response to mechanical stimulus","37/1787","173/13739",0.213872832369942,1.64431944260248,3.29763149107141,0.00140154243920408,0.0310722526197633,0.0310722526197633,"SCEL/P2RY1/MEIS2/KCNA5/FOS/KCNC1/SCN9A/NRXN2/BTG2/CASP1/ITGB3/HTR2A/KCNA1/PTPRQ/RYR2/PKD1L1/ATP1A2/TMC2/TRPA1/CALB1/FOSB/PKD1L2/USP53/CXCL12/NRXN1/TEK/PTN/GAB1/CAV3/AQP1/SLC26A5/DMD/TLR8/NTRK1/PDE2A/MAG/KCNK4",37
"GO:0070588","calcium ion transmembrane transport","50/1787","253/13739",0.197628458498024,1.51942775114961,3.22439004511006,0.00149091990897166,0.0326571096861153,0.0326571096861153,"ADCYAP1R1/CACNA2D3/PLCL1/PLCH2/CAV1/P2RX3/CACNA1G/CACNA1A/CACNA2D2/ITGB3/AKAP6/TLR9/GRIN3A/HTR2A/CASQ2/SLC8A2/RYR2/CALML3/CACNB2/PKD1L1/PLN/ATP1A2/TMC2/CATSPER1/TRPA1/TRPM1/CACNA2D1/PKD1L2/MICU3/SLC24A5/CACNB4/GPM6A/TMBIM4/JPH4/WNT3A/GRIN2A/CACNA1H/DMD/SLC8A3/EDNRB/CNGB1/GSTM2/SLC24A4/HRC/TRPC6/SNCA/P2RX6/ANK2/NOS1/LETM2",50
"GO:0042698","ovulation cycle","13/1787","41/13739",0.317073170731707,2.43775506025905,3.56493809096481,0.00149836603831633,0.0326894518956982,0.0326894518956982,"SLIT3/EREG/HAS2/LEP/PDGFRA/PTPRN/MMP19/CA12/GDF10/PTN/SLIT2/ROBO2/EGR1",13
"GO:0050795","regulation of behavior","17/1787","61/13739",0.278688524590164,2.14264221563753,3.45833948471408,0.00153295124656671,0.033254966588439,0.033254966588439,"GRIA1/NR4A3/NPY1R/PENK/MEF2C/PTGDS/NLGN1/GRPR/KCNA2/HTR1B/LEPR/HOXA1/SLC24A4/GNAI1/MCHR1/GHRHR/RELN",17
"GO:2000181","negative regulation of blood vessel morphogenesis","22/1787","88/13739",0.25,1.92207610520425,3.355286508659,0.00164431655880605,0.03503609912849,0.03503609912849,"HOXA5/ADAMTS9/KLF4/SEMA6A/ECSCR/PPARG/DCN/KLK3/NPR1/SPRY2/SEMA4A/ABCC8/TEK/WNT4/SPINK5/ADAMTS1/FBLN5/EFNA3/CLDN5/CD36/ANGPT4/HRG",22
"GO:0048588","developmental cell growth","34/1787","157/13739",0.21656050955414,1.66498312297948,3.24027840470589,0.00171798348167236,0.0364638664559606,0.0364638664559606,"BDNF/RIMS1/SEMA6D/SLIT3/CPNE6/RIMS2/AKAP6/TNN/ISLR2/SYT1/IGF1/NRN1/OLFM1/CXCL12/PLXNA4/MAPT/DCLK1/SEMA5A/CAV3/SEMA3G/SLIT2/SYT3/MEIS1/PRKG1/SLIT1/ADCY10/DCC/ST8SIA2/EDN3/MAG/CDKL3/UNC13A/SEMA3A/NRN1L",34
"GO:0050803","regulation of synapse structure or activity","53/1787","274/13739",0.193430656934307,1.48715377482957,3.1495021902709,0.00180058506911401,0.0379230916864167,0.0379230916864167,"BDNF/IGSF11/LRP4/CACNA2D3/SLITRK5/LRRC4B/MEF2C/DAB1/NRXN2/STX1B/AMIGO1/NLGN1/CLN3/LRFN5/SPARCL1/ARHGAP22/CLSTN2/NRN1/PPFIA2/FGF22/NEGR1/CDH8/LRRK2/NRXN1/GPM6A/SEMA4A/ARHGEF15/NEDD4/SLC17A7/WNT3A/PTPN13/LIN7A/CTTNBP2/CCDC141/PAK3/FGF7/CBLN1/SLIT1/MARK1/IGLON5/LRRTM4/SLITRK4/CAMK2B/ROBO2/ST8SIA2/MUSK/ARC/HOMER1/GRID1/ZDHHC15/RELN/SNCA/OPCML",53
"GO:0006690","icosanoid metabolic process","24/1787","100/13739",0.24,1.84519306099608,3.27995887314197,0.00189023663122058,0.0395528650298003,0.0395528650298003,"CYP2C8/NLRC4/PTGDS/CYP4F3/ALOXE3/CYP2A7/HPGDS/CASP1/FADS1/CYP4F12/ALOX12B/CPA1/CYP4F11/PLA2G5/PTGS2/CYP2B6/FABP5/CYP4A11/CYP4F22/CYP2U1/PLA2G4A/CYP4F2/PLA2G3/AWAT1",24
"GO:0010880","regulation of release of sequestered calcium ion into cytosol by sarcoplasmic reticulum","10/1787","28/13739",0.357142857142857,2.74582300743465,3.5755956714699,0.00191378372619755,0.0395528650298003,0.0395528650298003,"AKAP6/CASQ2/RYR2/CALML3/ATP1A2/JPH4/DMD/GSTM2/HRC/ANK2",10
"GO:0010882","regulation of cardiac muscle contraction by calcium ion signaling","10/1787","28/13739",0.357142857142857,2.74582300743465,3.5755956714699,0.00191378372619755,0.0395528650298003,0.0395528650298003,"CASQ2/RYR2/ATP1A2/TNNI3/JPH4/DMD/GSTM2/HRC/ANK2/NOS1",10
"GO:0001525","angiogenesis","80/1787","450/13739",0.177777777777778,1.36680967481191,3.05917715989445,0.00201215223286623,0.0406082364161746,0.0406082364161746,"SMOC2/HOXA5/RHOJ/ARHGAP24/MMRN2/ADAMTS9/C6/BMP4/EREG/FGF10/LEP/CD34/ITGB3/EGR3/KLF4/PDGFRA/TNN/BLOC1S6/SEMA6A/THSD7A/GPLD1/ARHGAP22/ECSCR/CDH5/HYAL1/FGFBP1/NOX5/HTN1/PPARG/DCN/ENPEP/TGFBR3/EGF/STAB2/KLK3/NPR1/MMP19/RORA/HIF3A/HSPB6/KRT1/SPRY2/NRXN1/PTGS2/SEMA4A/HOXA7/RASIP1/LEPR/AMOTL1/BMPER/ABCC8/SEMA5A/TEK/GAB1/SOX17/PTPRB/MMRN1/AQP1/SLIT2/SPINK5/ADAMTS1/FBLN5/MEIS1/EFNA3/IL6/CCL2/RAPGEF3/JAM3/NGFR/CLDN5/CD36/NTRK1/NR4A1/RECK/RSPO3/CMA1/MEOX2/AGTR1/ANGPT4/HRG",80
"GO:0034329","cell junction assembly","78/1787","438/13739",0.178082191780822,1.36915010233728,3.03599912261318,0.00216806588179494,0.0419923881264966,0.0419923881264966,"GRIA1/BDNF/IGSF11/LRP4/COL17A1/SLITRK5/LRRC4B/MEF2C/CDH17/CAV1/MYOC/LAMA3/NRXN2/ACE/AMIGO1/NLGN1/LRFN5/NPTX1/CDH20/TBX5/CDH5/CLSTN2/BSN/ERBB4/NPAS4/POF1B/NEGR1/CDH7/CDH8/CDH15/HOPX/PEAK1/NRXN1/GPM6A/SEMA4A/PLXNA4/MAPT/ARHGEF15/DSG1/CDH22/PCLO/ACHE/TEK/ARHGAP6/WNT3A/FAM107A/PTPN13/LIN7A/WNT4/CCDC141/CDH6/CBLN1/SLIT1/MARK1/OPHN1/IGLON5/TSPAN11/LRRTM4/JAM3/CBLN4/SLITRK4/CLDN19/SORBS1/ROBO2/GPBAR1/CLDN5/ST8SIA2/FER/FRMPD2/MUSK/CORO2B/EGFLAM/PTEN/RELN/SNCA/OPCML/ANK2/HRG",78
"GO:0042759","long-chain fatty acid biosynthetic process","9/1787","24/13739",0.375,2.88311415780638,3.57016348228583,0.00217486632049332,0.0419923881264966,0.0419923881264966,"CYP2C8/ACSBG2/ALOXE3/FADS1/ALOX12B/ACSBG1/PTGS2/GSTM2/ASAH2",9
"GO:0051602","response to electrical stimulus","9/1787","24/13739",0.375,2.88311415780638,3.57016348228583,0.00217486632049332,0.0419923881264966,0.0419923881264966,"GRIA1/BTG2/PALM/KCNJ3/TACR2/SOD2/NTRK1/AKAP12/PTEN",9
"GO:0061436","establishment of skin barrier","9/1787","24/13739",0.375,2.88311415780638,3.57016348228583,0.00217486632049332,0.0419923881264966,0.0419923881264966,"ALOXE3/GRHL3/KLF4/ALOX12B/FA2H/DSC1/TP63/FLG2/FLG",9
"GO:0098810","neurotransmitter reuptake","9/1787","24/13739",0.375,2.88311415780638,3.57016348228583,0.00217486632049332,0.0419923881264966,0.0419923881264966,"SLC6A13/ITGB3/ATP1A2/SLC22A3/SLC6A1/PER2/SLC18A1/SNCA/NOS1",9
"GO:0120162","positive regulation of cold-induced thermogenesis","23/1787","96/13739",0.239583333333333,1.84198960082074,3.20104032120172,0.00238106281268883,0.0447727665110358,0.0447727665110358,"ELOVL3/CAV1/LEP/CIDEA/ADCYAP1/KDM6B/KSR2/PRDM16/OXTR/ADIPOQ/LEPR/ACHE/G0S2/FABP5/ACADL/PER2/ACSL1/PTH2R/FABP4/PPARGC1A/CD36/GATM/ADRB2",23
"GO:0045109","intermediate filament organization","13/1787","43/13739",0.302325581395349,2.32437110396793,3.36318525738712,0.002423930722453,0.0447727665110358,0.0447727665110358,"NEFM/KRT13/KRT79/KRT1/KRT4/GFAP/DES/KRT32/PRPH/BFSP2/KRT10/KRT77/KRT15",13
"GO:0040013","negative regulation of locomotion","51/1787","265/13739",0.192452830188679,1.47963594513837,3.048527578904,0.00242503139662441,0.0447727665110358,0.0447727665110358,"DPP4/GATA3/NAV3/MMRN2/MYOCD/ADAMTS9/MEF2C/BMP4/BMP5/DACH1/IL33/KLF4/TNN/ELANE/TBX5/ARID4A/PPARG/DCN/TGFBR3/DUSP1/CD200R1/CXCL12/ZEB2/HOXA7/ADIPOQ/MCTP1/ABCC8/SEMA5A/EPPIN/WNT4/MMRN1/SLIT2/ATP1B2/PRKG1/MCC/SLIT1/MAGI2/CCL2/CCL28/CLDN19/NGFR/ROBO2/CLDN5/HAS1/RECK/ACVR1C/GCSAM/MEOX2/PTEN/ANGPT4/HRG",51
"GO:0046184","aldehyde biosynthetic process","7/1787","16/13739",0.4375,3.36363318410744,3.6577942957164,0.00243650190290151,0.0447727665110358,0.0447727665110358,"BMP2/BMP5/PCK1/SLC25A10/WNT4/CACNA1H/DAB2",7
"GO:0070341","fat cell proliferation","7/1787","16/13739",0.4375,3.36363318410744,3.6577942957164,0.00243650190290151,0.0447727665110358,0.0447727665110358,"IL6ST/PID1/DIO3/SLC2A4/PER2/IL6/FABP4",7
"GO:0045137","development of primary sexual characteristics","24/1787","102/13739",0.235294117647059,1.80901280489812,3.17102598786398,0.00250684333336168,0.0459112845936072,0.0459112845936072,"ADCYAP1R1/GATA3/SLIT3/ADAM21/ADAM20/EREG/ACE/LEP/GFRA1/TLR9/PDGFRA/PTPRN/ZFPM2/SALL1/ADAM32/MMP19/WNT4/SLIT2/ADAM29/ROBO2/CYP19A1/FER/WNT2B/NTRK1",24
"GO:0030212","hyaluronan metabolic process","10/1787","29/13739",0.344827586206897,2.65113945545414,3.44165843576549,0.00258501372929678,0.0471851172720971,0.0471851172720971,"HAS2/LYVE1/HYAL1/ITIH3/EGF/STAB2/ITIH5/HAS1/ITIH1/HMMR",10
"GO:0060560","developmental growth involved in morphogenesis","33/1787","155/13739",0.212903225806452,1.63686481217394,3.08320929606792,0.00266118116846514,0.0484140467724754,0.0484140467724754,"BDNF/RIMS1/SEMA6D/SLIT3/CPNE6/BMP4/FGF10/RIMS2/TNN/ISLR2/SYT1/NRN1/SALL1/OLFM1/CXCL12/PLXNA4/MAPT/DCLK1/SEMA5A/SEMA3G/SLIT2/SYT3/PRKG1/SLIT1/ADCY10/DCC/ST8SIA2/EDN3/MAG/CDKL3/UNC13A/SEMA3A/NRN1L",33
